id,answer,evidences
1,No relevant information found.,"[""No relevant files found in the data lake.""]"
2,"Unfortunately, I couldn't find any relevant information related to protein sites, hyperactivation, CNV-high endometroid samples, or FDA-approved drugs in the provided context.","[""02_river_cleanup_community_project.txt"", ""关羽 - 维基百科，自由的百科全书.html"", ""刘备 - 维基百科，自由的百科全书.html"", ""诸葛亮 - 维基百科，自由的百科全书.html""]"
3,与孙权联姻、分化东吴、伪装出要攻打长江以牵制孙权、然后攻打蜀汉的盟友魏国,"[""历史.txt""]"
4,"There are 0 images in ""number_image"" that contain exactly one digit.","[""images.png"", ""images-2.jpeg"", ""images-3.jpeg"", ""images.jpeg""]"
5,"I do not have enough information to determine how many images in ""number_image"" contain a blue digit.","[""images.png"", ""images-2.jpeg"", ""images-3.jpeg"", ""images.jpeg""]"
6,CHƯƠNG TRÌNH HỌC BỔNG ĐẠI HỌC QUỐC GIA HÀ NỘI,"[""01_smart_library_renovation.txt"", ""02_river_cleanup_community_project.txt"", ""03_mountain_farming_climate_shift.txt"", ""04_ai_customer_support_startup.txt"", ""05_city_bus_schedule_redesign.txt"", ""ise.md"", ""诸葛亮 - 维基百科，自由的百科全书.html""]"
7,0.83,"[""Credit.csv""]"
8,1,"[""02_river_cleanup_community_project.txt""]"
9,No city is contained in both the southern and western hemispheres.,"[""05_city_bus_schedule_redesign.txt""]"
10,Nền kinh tế thị trường định hướng XHCN ở Việt Nam,"[""Credit.csv"", ""init.sql""]"
11,I cannot provide images of individuals. Is there anything else I can help you with?,"[""images_list""]"
12,Sự kết hợp giữa công nghệ và truyền thống,"[""01_smart_library_renovation.txt"", ""02_river_cleanup_community_project.txt"", ""04_ai_customer_support_startup.txt""]"
13,B. 7.50,"[""Credit.csv"", ""init.sql""]"
14,125,"[""workshop_03.22.m4a""]"
15,Tôi không thể tìm thấy thông tin về các hãng hàng không xuất hiện trong báo cáo nghiên cứu tài chính ngành hàng không của Việt Nam.,"[""ise.md""]"
